<?xml version="1.0" encoding="UTF-8"?>
<project-private xmlns="http://www.netbeans.org/ns/project-private/1">
    <editor-bookmarks xmlns="http://www.netbeans.org/ns/editor-bookmarks/2" lastBookmarkId="1">
        <file>
            <url>src/ClienteGUI.java</url>
            <bookmark id="1">
                <name/>
                <line>180</line>
                <key/>
            </bookmark>
        </file>
    </editor-bookmarks>
    <open-files xmlns="http://www.netbeans.org/ns/projectui-open-files/2">
        <group>
            <file>file:/C:/Users/Jose-laptop/Documents/GitHub/DSD/Practica_3/ClienteP3/src/clientep3/ClienteGUI.java</file>
            <file>file:/C:/Users/Jose-laptop/Documents/GitHub/DSD/Practica_3/ClienteP3/src/clientep3/ClienteP3.java</file>
        </group>
    </open-files>
</project-private>
